-- --------------------------------------------------------
-- Host:                         127.0.0.1
-- Server version:               10.0.21-MariaDB - mariadb.org binary distribution
-- Server OS:                    Win64
-- HeidiSQL Version:             9.3.0.4984
-- --------------------------------------------------------

/*!40101 SET @OLD_CHARACTER_SET_CLIENT=@@CHARACTER_SET_CLIENT */;
/*!40101 SET NAMES utf8mb4 */;
/*!40014 SET @OLD_FOREIGN_KEY_CHECKS=@@FOREIGN_KEY_CHECKS, FOREIGN_KEY_CHECKS=0 */;
/*!40101 SET @OLD_SQL_MODE=@@SQL_MODE, SQL_MODE='NO_AUTO_VALUE_ON_ZERO' */;

-- Dumping database structure for bwindihospital
CREATE DATABASE IF NOT EXISTS `bwindihospital_reduced` /*!40100 DEFAULT CHARACTER SET latin1 */;
USE `bwindihospital_reduced`;


-- Dumping structure for table bwindihospital.department
CREATE TABLE IF NOT EXISTS `department` (
  `DID` int(10) NOT NULL AUTO_INCREMENT,
  `DepartmentName` varchar(50) DEFAULT NULL,
  `Description` varchar(100) DEFAULT NULL,
  PRIMARY KEY (`DID`)
) ENGINE=InnoDB AUTO_INCREMENT=33 DEFAULT CHARSET=latin1 COMMENT='The Departments in the Hospital';

-- Dumping data for table bwindihospital.department: ~0 rows (approximately)
DELETE FROM `department`;
/*!40000 ALTER TABLE `department` DISABLE KEYS */;
INSERT INTO `department` (`DID`, `DepartmentName`, `Description`) VALUES
	(32, 'CHB', NULL);
/*!40000 ALTER TABLE `department` ENABLE KEYS */;


-- Dumping structure for table bwindihospital.error_log
CREATE TABLE IF NOT EXISTS `error_log` (
  `Controller_Name` varchar(50) DEFAULT NULL,
  `Method_Name` varchar(50) DEFAULT NULL,
  `Error` text,
  `Record_Date` datetime DEFAULT NULL
) ENGINE=InnoDB DEFAULT CHARSET=latin1 COMMENT='This will log all errors for the administrator to be able to trouble shoot.';

-- Dumping data for table bwindihospital.error_log: ~576 rows (approximately)
DELETE FROM `error_log`;
/*!40000 ALTER TABLE `error_log` DISABLE KEYS */;
INSERT INTO `error_log` (`Controller_Name`, `Method_Name`, `Error`, `Record_Date`) VALUES
	('ChbDAO', 'Get_Vht_List', ' Message: Table \'bwindihospital.vhtxx\' doesn\'t exist', '2018-09-14 14:24:05'),
	('ChbDAO', 'Get_Vht_List', ' Message: Table \'bwindihospital.vhtxx\' doesn\'t exist', '2018-09-14 14:24:05');
/*!40000 ALTER TABLE `error_log` ENABLE KEYS */;


-- Dumping structure for table bwindihospital.login_history
CREATE TABLE IF NOT EXISTS `login_history` (
  `Staff_Id` varchar(6) DEFAULT NULL,
  `Login_Date` date DEFAULT NULL,
  `Login_Time` time DEFAULT NULL
) ENGINE=InnoDB DEFAULT CHARSET=latin1;

-- Dumping data for table bwindihospital.login_history: ~866 rows (approximately)
DELETE FROM `login_history`;
/*!40000 ALTER TABLE `login_history` DISABLE KEYS */;
INSERT INTO `login_history` (`Staff_Id`, `Login_Date`, `Login_Time`) VALUES
	('21', '2018-02-01', '18:42:42'),
	('21', '2018-02-01', '18:42:50'),
	('21', '2018-02-01', '18:47:20'),
	('21', '2018-02-02', '12:28:12'),
	('21', '2018-02-02', '12:31:47'),
	('21', '2018-02-02', '13:02:03'),
	('21', '2018-02-02', '20:35:51'),
	('21', '2018-02-02', '21:04:45'),
	('21', '2018-02-02', '21:19:18'),
	('21', '2018-02-02', '22:05:25'),
	('21', '2018-02-02', '22:08:22'),
	('21', '2018-02-02', '22:10:03'),
	('21', '2018-02-03', '08:29:52'),
	('21', '2018-02-03', '09:31:27'),
	('21', '2018-02-03', '10:45:51'),
	('21', '2018-02-03', '10:59:08'),
	('21', '2018-02-03', '12:06:22'),
	('21', '2018-02-03', '12:15:10'),
	('21', '2018-02-03', '12:20:58'),
	('21', '2018-02-03', '13:04:05'),
	('21', '2018-02-03', '14:37:13'),
	('21', '2018-02-03', '16:51:28'),
	('21', '2018-02-03', '18:37:02'),
	('21', '2018-02-03', '21:28:10'),
	('21', '2018-02-03', '21:41:30'),
	('21', '2018-02-03', '21:44:29'),
	('21', '2018-02-03', '21:44:35'),
	('21', '2018-02-04', '07:38:35'),
	('21', '2018-02-04', '10:11:40'),
	('21', '2018-02-04', '10:48:37'),
	('21', '2018-02-04', '11:44:55'),
	('21', '2018-02-04', '11:48:33'),
	('21', '2018-02-04', '12:24:18'),
	('21', '2018-02-04', '12:26:01'),
	('21', '2018-02-04', '12:27:33'),
	('21', '2018-02-04', '12:28:30'),
	('21', '2018-02-04', '13:19:25'),
	('21', '2018-02-04', '13:32:06'),
	('21', '2018-02-04', '17:49:26'),
	('21', '2018-02-04', '18:26:45'),
	('21', '2018-02-04', '18:29:16'),
	('21', '2018-02-04', '19:44:20'),
	('21', '2018-02-04', '20:10:58'),
	('21', '2018-02-04', '20:13:59'),
	('21', '2018-02-04', '20:31:47'),
	('21', '2018-02-04', '20:37:47'),
	('21', '2018-02-04', '20:40:02'),
	('21', '2018-02-04', '20:45:21'),
	('21', '2018-02-04', '20:46:36'),
	('21', '2018-02-04', '21:02:33'),
	('21', '2018-02-04', '21:38:23'),
	('21', '2018-02-05', '07:33:29'),
	('21', '2018-02-05', '08:11:30'),
	('21', '2018-02-05', '10:24:11'),
	('21', '2018-02-05', '10:35:20'),
	('21', '2018-02-05', '11:10:20'),
	('21', '2018-02-05', '14:48:36'),
	('21', '2018-02-05', '15:21:15'),
	('21', '2018-02-05', '15:46:48'),
	('21', '2018-02-05', '16:11:14'),
	('21', '2018-02-05', '16:13:38'),
	('21', '2018-02-05', '16:18:14'),
	('21', '2018-02-05', '16:20:05'),
	('21', '2018-02-05', '19:44:03'),
	('21', '2018-02-05', '21:08:05'),
	('21', '2018-02-05', '21:55:03'),
	('21', '2018-02-05', '22:01:12'),
	('21', '2018-02-05', '22:20:35'),
	('21', '2018-02-06', '07:02:09'),
	('21', '2018-02-06', '07:28:33'),
	('21', '2018-02-06', '08:17:43'),
	('21', '2018-02-06', '08:49:23'),
	('21', '2018-02-06', '11:09:26'),
	('21', '2018-02-06', '12:47:44'),
	('21', '2018-02-06', '13:16:16'),
	('21', '2018-02-06', '13:31:25'),
	('21', '2018-02-06', '13:38:20'),
	('21', '2018-02-06', '14:11:23'),
	('21', '2018-02-06', '14:17:44'),
	('21', '2018-02-06', '14:22:34'),
	('21', '2018-02-06', '14:25:08'),
	('21', '2018-02-06', '14:28:30'),
	('21', '2018-02-06', '14:43:56'),
	('21', '2018-02-06', '15:36:19'),
	('21', '2018-02-06', '15:39:50'),
	('21', '2018-02-06', '15:45:56'),
	('21', '2018-02-06', '16:04:27'),
	('21', '2018-02-06', '17:11:37'),
	('21', '2018-02-06', '17:22:48'),
	('21', '2018-02-06', '17:51:19'),
	('21', '2018-02-06', '18:01:55'),
	('21', '2018-02-08', '11:45:17'),
	('21', '2018-02-08', '11:45:17'),
	('21', '2018-02-08', '11:45:17'),
	('21', '2018-02-08', '11:45:17'),
	('21', '2018-02-08', '12:05:52'),
	('21', '2018-02-12', '08:10:17'),
	('21', '2018-02-12', '08:10:17'),
	('21', '2018-02-12', '08:30:31'),
	('21', '2018-02-12', '09:28:40'),
	('21', '2018-02-12', '10:47:25'),
	('21', '2018-02-12', '10:48:07'),
	('21', '2018-02-12', '10:48:41'),
	('21', '2018-02-12', '10:48:45'),
	('21', '2018-02-12', '10:55:36'),
	('21', '2018-02-12', '11:10:06'),
	('21', '2018-02-12', '12:16:27'),
	('21', '2018-02-12', '13:55:44'),
	('21', '2018-02-12', '14:07:14'),
	('21', '2018-02-12', '15:40:36'),
	('21', '2018-02-12', '22:56:08'),
	('21', '2018-02-13', '11:30:56'),
	('21', '2018-02-13', '16:13:57'),
	('21', '2018-02-13', '16:47:22'),
	('21', '2018-02-14', '10:30:16'),
	('21', '2018-02-14', '21:25:25'),
	('21', '2018-02-16', '16:46:56'),
	('21', '2018-02-16', '16:49:32'),
	('21', '2018-02-16', '16:49:45'),
	('21', '2018-02-16', '18:11:05'),
	('21', '2018-02-16', '20:11:44'),
	('21', '2018-02-16', '21:16:45'),
	('21', '2018-02-17', '08:06:37'),
	('21', '2018-02-17', '08:40:29'),
	('21', '2018-02-17', '09:11:33'),
	('21', '2018-02-17', '09:13:18'),
	('21', '2018-02-17', '09:21:33'),
	('21', '2018-02-17', '09:23:39'),
	('21', '2018-02-17', '09:26:44'),
	('21', '2018-02-17', '09:39:34'),
	('21', '2018-02-17', '09:44:38'),
	('21', '2018-02-17', '09:47:50'),
	('21', '2018-02-17', '10:07:15'),
	('21', '2018-02-17', '12:00:27'),
	('21', '2018-02-17', '12:09:37'),
	('21', '2018-02-17', '12:18:12'),
	('21', '2018-02-17', '13:44:30'),
	('21', '2018-02-17', '14:58:16'),
	('21', '2018-02-17', '15:28:19'),
	('21', '2018-02-17', '15:30:39'),
	('21', '2018-02-17', '15:35:53'),
	('21', '2018-02-17', '15:37:57'),
	('21', '2018-02-17', '15:41:07'),
	('21', '2018-02-17', '15:42:55'),
	('21', '2018-02-17', '15:43:30'),
	('21', '2018-02-17', '15:44:28'),
	('21', '2018-02-17', '15:45:16'),
	('21', '2018-02-17', '16:30:17'),
	('21', '2018-02-17', '17:25:05'),
	('21', '2018-02-17', '17:28:41'),
	('21', '2018-02-17', '18:19:43'),
	('21', '2018-02-17', '18:21:27'),
	('21', '2018-02-17', '18:23:40'),
	('21', '2018-02-17', '18:55:48'),
	('21', '2018-02-17', '19:02:52'),
	('21', '2018-02-17', '19:30:11'),
	('21', '2018-02-17', '19:32:36'),
	('21', '2018-02-17', '19:41:31'),
	('21', '2018-02-17', '19:45:07'),
	('21', '2018-02-17', '19:46:57'),
	('21', '2018-02-17', '19:53:13'),
	('21', '2018-02-17', '20:10:45'),
	('21', '2018-02-17', '20:12:39'),
	('21', '2018-02-17', '20:14:08'),
	('21', '2018-02-17', '20:17:56'),
	('21', '2018-02-17', '20:24:58'),
	('21', '2018-02-17', '20:26:47'),
	('21', '2018-02-17', '20:30:11'),
	('21', '2018-02-17', '20:31:17'),
	('21', '2018-02-17', '20:33:20'),
	('21', '2018-02-17', '20:38:02'),
	('21', '2018-02-17', '20:45:11'),
	('21', '2018-02-17', '20:48:47'),
	('21', '2018-02-17', '20:50:36'),
	('21', '2018-02-17', '20:53:53'),
	('21', '2018-02-17', '20:57:35'),
	('21', '2018-02-17', '21:04:24'),
	('21', '2018-02-17', '21:11:04'),
	('21', '2018-02-17', '22:28:09'),
	('21', '2018-02-17', '22:48:21'),
	('21', '2018-02-18', '08:28:32'),
	('21', '2018-02-18', '09:30:36'),
	('21', '2018-02-18', '09:33:04'),
	('21', '2018-02-18', '09:37:24'),
	('21', '2018-02-18', '10:11:16'),
	('21', '2018-02-18', '19:49:50'),
	('21', '2018-02-18', '19:49:56'),
	('21', '2018-02-18', '20:04:23'),
	('21', '2018-02-18', '20:06:58'),
	('21', '2018-02-18', '20:09:03'),
	('21', '2018-02-18', '20:17:49'),
	('21', '2018-02-18', '20:20:12'),
	('21', '2018-02-18', '21:19:03'),
	('21', '2018-02-18', '21:25:31'),
	('21', '2018-02-18', '21:43:16'),
	('21', '2018-02-18', '21:45:30'),
	('21', '2018-02-18', '21:54:11'),
	('21', '2018-02-18', '21:57:37'),
	('21', '2018-02-18', '21:59:04'),
	('21', '2018-02-18', '22:01:08'),
	('21', '2018-02-18', '22:06:00'),
	('21', '2018-02-18', '22:08:39'),
	('21', '2018-02-19', '07:01:42'),
	('21', '2018-02-19', '20:52:31'),
	('21', '2018-02-19', '21:49:25'),
	('21', '2018-02-19', '22:01:44'),
	('21', '2018-02-19', '22:04:02'),
	('21', '2018-02-19', '22:11:53'),
	('21', '2018-02-19', '22:15:48'),
	('21', '2018-02-19', '22:19:15'),
	('21', '2018-02-19', '22:20:18'),
	('21', '2018-02-19', '22:20:57'),
	('21', '2018-02-19', '22:24:06'),
	('21', '2018-02-19', '22:27:21'),
	('21', '2018-02-19', '22:27:32'),
	('21', '2018-02-19', '22:30:06'),
	('21', '2018-02-19', '22:32:17'),
	('21', '2018-02-19', '22:34:53'),
	('21', '2018-02-19', '22:37:32'),
	('21', '2018-02-19', '22:40:37'),
	('21', '2018-02-19', '22:47:49'),
	('21', '2018-02-19', '22:50:25'),
	('21', '2018-02-20', '19:08:38'),
	('21', '2018-02-20', '19:11:11'),
	('21', '2018-02-20', '20:36:36'),
	('21', '2018-02-21', '20:46:33'),
	('21', '2018-02-21', '20:47:04'),
	('21', '2018-02-21', '20:50:15'),
	('21', '2018-02-22', '18:27:41'),
	('21', '2018-02-22', '18:48:24'),
	('21', '2018-02-22', '18:49:47'),
	('21', '2018-02-22', '18:59:54'),
	('21', '2018-02-22', '19:06:25'),
	('21', '2018-02-23', '12:52:05'),
	('21', '2018-02-23', '13:40:24'),
	('21', '2018-02-23', '14:32:39'),
	('21', '2018-02-23', '14:51:51'),
	('21', '2018-02-23', '15:00:11'),
	('21', '2018-02-23', '15:05:15'),
	('21', '2018-02-23', '15:14:39'),
	('21', '2018-02-23', '15:36:14'),
	('21', '2018-02-23', '15:37:37'),
	('21', '2018-02-23', '15:43:21'),
	('21', '2018-02-23', '15:49:57'),
	('21', '2018-02-23', '15:51:27'),
	('21', '2018-02-23', '16:00:35'),
	('21', '2018-02-23', '16:03:57'),
	('21', '2018-02-23', '16:06:59'),
	('21', '2018-02-23', '16:12:47'),
	('21', '2018-02-23', '16:18:21'),
	('21', '2018-02-23', '16:23:50'),
	('21', '2018-02-23', '16:25:01'),
	('21', '2018-02-23', '16:27:47'),
	('21', '2018-02-23', '16:46:08'),
	('21', '2018-02-23', '16:47:59'),
	('21', '2018-02-23', '18:52:10'),
	('21', '2018-02-23', '18:53:06'),
	('21', '2018-02-23', '21:28:13'),
	('21', '2018-02-23', '21:41:42'),
	('21', '2018-02-23', '22:21:45'),
	('21', '2018-02-23', '22:23:37'),
	('21', '2018-02-23', '22:28:31'),
	('21', '2018-02-23', '22:41:32'),
	('21', '2018-02-23', '22:42:25'),
	('21', '2018-02-23', '22:43:37'),
	('21', '2018-02-23', '22:44:48'),
	('21', '2018-02-23', '22:48:50'),
	('21', '2018-02-23', '22:51:42'),
	('21', '2018-02-23', '22:54:16'),
	('21', '2018-02-23', '22:59:50'),
	('21', '2018-02-24', '04:38:12'),
	('21', '2018-02-24', '09:45:46'),
	('21', '2018-02-24', '14:57:54'),
	('21', '2018-02-24', '16:38:52'),
	('21', '2018-02-24', '16:39:35'),
	('21', '2018-02-24', '16:39:39'),
	('21', '2018-02-24', '16:47:39'),
	('21', '2018-02-24', '16:47:44'),
	('21', '2018-02-24', '16:51:08'),
	('21', '2018-02-24', '17:05:14'),
	('21', '2018-02-24', '17:22:00'),
	('21', '2018-02-24', '17:30:51'),
	('21', '2018-02-24', '19:18:01'),
	('21', '2018-02-24', '19:18:08'),
	('21', '2018-02-24', '19:18:14'),
	('21', '2018-02-24', '19:25:38'),
	('21', '2018-02-24', '20:53:34'),
	('21', '2018-02-25', '06:47:07'),
	('21', '2018-02-25', '11:33:00'),
	('21', '2018-02-25', '11:33:30'),
	('21', '2018-02-25', '11:59:35'),
	('21', '2018-02-25', '11:59:57'),
	('21', '2018-02-25', '13:34:00'),
	('21', '2018-02-25', '13:34:13'),
	('21', '2018-02-25', '13:34:31'),
	('21', '2018-02-25', '13:34:47'),
	('21', '2018-02-25', '13:39:39'),
	('21', '2018-02-25', '14:47:02'),
	('21', '2018-02-25', '14:54:42'),
	('21', '2018-02-25', '15:07:22'),
	('21', '2018-02-25', '15:10:20'),
	('21', '2018-02-25', '16:54:39'),
	('21', '2018-02-25', '17:15:20'),
	('21', '2018-02-25', '18:11:56'),
	('21', '2018-02-25', '20:19:12'),
	('21', '2018-02-25', '20:32:38'),
	('21', '2018-02-25', '21:53:40'),
	('21', '2018-02-25', '21:55:48'),
	('21', '2018-02-26', '09:58:37'),
	('21', '2018-02-26', '15:59:53'),
	('21', '2018-02-27', '07:25:27'),
	('21', '2018-02-27', '11:34:02'),
	('21', '2018-02-27', '18:03:09'),
	('21', '2018-02-27', '21:40:53'),
	('21', '2018-02-27', '21:44:54'),
	('21', '2018-02-27', '21:55:30'),
	('21', '2018-02-28', '07:44:44'),
	('21', '2018-02-28', '09:52:13'),
	('21', '2018-02-28', '09:52:26'),
	('21', '2018-02-28', '09:52:36'),
	('21', '2018-02-28', '09:57:25'),
	('21', '2018-02-28', '10:28:17'),
	('21', '2018-02-28', '10:30:53'),
	('21', '2018-02-28', '10:49:48'),
	('21', '2018-02-28', '10:55:51'),
	('21', '2018-02-28', '10:58:01'),
	('21', '2018-02-28', '11:02:40'),
	('21', '2018-02-28', '11:03:56'),
	('21', '2018-02-28', '11:10:42'),
	('21', '2018-02-28', '11:32:13'),
	('21', '2018-02-28', '11:36:47'),
	('21', '2018-02-28', '11:48:05'),
	('21', '2018-02-28', '12:02:07'),
	('21', '2018-02-28', '12:13:05'),
	('21', '2018-02-28', '15:36:02'),
	('21', '2018-02-28', '15:36:17'),
	('21', '2018-02-28', '18:35:30'),
	('21', '2018-02-28', '19:30:04'),
	('21', '2018-02-28', '19:31:47'),
	('21', '2018-02-28', '19:33:42'),
	('21', '2018-02-28', '21:29:20'),
	('21', '2018-02-28', '21:34:49'),
	('21', '2018-02-28', '21:41:48'),
	('21', '2018-02-28', '21:43:38'),
	('21', '2018-02-28', '22:00:29'),
	('21', '2018-02-28', '22:08:11'),
	('21', '2018-02-28', '22:16:24'),
	('21', '2018-02-28', '22:22:54'),
	('21', '2018-02-28', '22:28:17'),
	('21', '2018-03-01', '07:08:24'),
	('21', '2018-03-01', '08:15:48'),
	('21', '2018-03-01', '08:35:22'),
	('21', '2018-03-01', '08:47:19'),
	('21', '2018-03-01', '08:52:17'),
	('21', '2018-03-01', '09:05:20'),
	('21', '2018-03-01', '09:14:59'),
	('21', '2018-03-01', '09:18:10'),
	('21', '2018-03-01', '09:28:04'),
	('21', '2018-03-01', '09:31:47'),
	('21', '2018-03-01', '09:35:20'),
	('21', '2018-03-01', '09:39:05'),
	('21', '2018-03-01', '09:41:57'),
	('21', '2018-03-01', '10:02:48'),
	('21', '2018-03-01', '10:06:49'),
	('21', '2018-03-01', '10:08:43'),
	('21', '2018-03-01', '10:11:51'),
	('21', '2018-03-01', '10:13:44'),
	('21', '2018-03-01', '10:34:46'),
	('21', '2018-03-11', '17:43:09'),
	('21', '2018-03-11', '18:30:24'),
	('21', '2018-03-11', '18:56:21'),
	('21', '2018-03-11', '18:56:39'),
	('21', '2018-03-11', '18:57:18'),
	('21', '2018-03-11', '20:31:42'),
	('21', '2018-03-12', '08:37:57'),
	('21', '2018-03-12', '08:45:32'),
	('21', '2018-03-12', '08:46:09'),
	('21', '2018-03-12', '08:46:46'),
	('21', '2018-03-12', '08:55:17'),
	('21', '2018-03-12', '08:58:33'),
	('21', '2018-03-12', '09:09:48'),
	('21', '2018-03-12', '09:14:58'),
	('21', '2018-03-12', '09:25:12'),
	('21', '2018-03-12', '11:00:31'),
	('21', '2018-03-12', '11:04:28'),
	('21', '2018-03-12', '11:14:37'),
	('21', '2018-03-12', '11:32:58'),
	('21', '2018-03-12', '11:38:01'),
	('21', '2018-03-12', '11:52:50'),
	('21', '2018-03-12', '13:47:32'),
	('21', '2018-03-13', '08:45:07'),
	('21', '2018-03-15', '10:22:02'),
	('21', '2018-03-15', '11:21:25'),
	('21', '2018-03-17', '14:16:08'),
	('21', '2018-03-17', '14:53:36'),
	('21', '2018-03-17', '15:00:48'),
	('21', '2018-03-17', '15:27:13'),
	('21', '2018-03-17', '16:43:11'),
	('21', '2018-03-17', '17:50:26'),
	('21', '2018-03-17', '18:10:27'),
	('21', '2018-03-17', '18:21:35'),
	('21', '2018-03-17', '19:11:50'),
	('21', '2018-03-17', '20:15:30'),
	('21', '2018-03-17', '20:17:28'),
	('21', '2018-03-17', '20:20:33'),
	('21', '2018-03-17', '20:25:54'),
	('21', '2018-03-17', '20:43:03'),
	('21', '2018-03-17', '20:56:16'),
	('21', '2018-03-17', '21:52:35'),
	('21', '2018-03-17', '22:15:38'),
	('21', '2018-03-17', '22:39:23'),
	('21', '2018-03-17', '23:05:05'),
	('21', '2018-03-17', '23:07:29'),
	('21', '2018-03-18', '11:47:01'),
	('21', '2018-03-18', '11:47:01'),
	('21', '2018-03-18', '11:53:42'),
	('21', '2018-03-18', '15:24:05'),
	('21', '2018-03-18', '15:28:40'),
	('21', '2018-03-18', '15:55:45'),
	('21', '2018-03-18', '15:57:38'),
	('21', '2018-03-18', '15:59:42'),
	('21', '2018-03-18', '16:02:13'),
	('21', '2018-03-18', '16:03:56'),
	('21', '2018-03-18', '16:05:51'),
	('21', '2018-03-18', '16:10:07'),
	('21', '2018-03-18', '23:38:07'),
	('21', '2018-03-19', '02:00:24'),
	('21', '2018-03-19', '15:35:01'),
	('21', '2018-03-19', '15:35:39'),
	('21', '2018-03-19', '17:07:17'),
	('21', '2018-03-19', '17:13:11'),
	('21', '2018-03-19', '17:28:53'),
	('21', '2018-03-19', '17:36:09'),
	('21', '2018-03-19', '18:12:51'),
	('21', '2018-03-19', '18:16:39'),
	('21', '2018-03-19', '19:07:02'),
	('21', '2018-03-19', '19:12:13'),
	('21', '2018-03-19', '19:23:27'),
	('21', '2018-03-19', '19:24:15'),
	('21', '2018-03-19', '19:24:23'),
	('21', '2018-03-19', '19:27:04'),
	('21', '2018-03-19', '19:58:30'),
	('21', '2018-03-19', '20:00:19'),
	('21', '2018-03-19', '20:03:02'),
	('21', '2018-03-19', '20:12:24'),
	('21', '2018-03-19', '20:18:48'),
	('21', '2018-03-19', '20:30:08'),
	('21', '2018-03-19', '20:33:26'),
	('21', '2018-03-19', '20:40:09'),
	('21', '2018-03-19', '20:43:01'),
	('21', '2018-03-19', '22:38:17'),
	('21', '2018-03-19', '22:47:50'),
	('21', '2018-03-19', '22:52:36'),
	('21', '2018-03-19', '22:58:38'),
	('21', '2018-03-19', '23:19:06'),
	('21', '2018-03-19', '23:24:16'),
	('21', '2018-03-19', '23:49:09'),
	('21', '2018-03-19', '23:51:11'),
	('21', '2018-03-19', '23:58:01'),
	('21', '2018-03-20', '00:06:44'),
	('21', '2018-03-20', '00:16:50'),
	('21', '2018-03-20', '00:29:04'),
	('21', '2018-03-20', '00:37:00'),
	('21', '2018-03-20', '00:41:29'),
	('21', '2018-03-20', '01:00:08'),
	('21', '2018-03-20', '01:02:55'),
	('21', '2018-03-20', '01:32:51'),
	('21', '2018-03-20', '01:40:50'),
	('21', '2018-03-20', '01:50:12'),
	('21', '2018-03-20', '02:04:45'),
	('21', '2018-03-20', '02:14:24'),
	('21', '2018-03-20', '02:24:35'),
	('21', '2018-03-20', '02:28:37'),
	('21', '2018-03-20', '02:29:24'),
	('21', '2018-03-20', '02:32:47'),
	('21', '2018-03-20', '02:36:41'),
	('21', '2018-03-20', '11:42:41'),
	('21', '2018-03-20', '11:50:30'),
	('21', '2018-03-20', '11:53:55'),
	('21', '2018-03-20', '17:31:47'),
	('21', '2018-03-20', '17:32:03'),
	('21', '2018-03-20', '17:32:10'),
	('21', '2018-03-20', '17:33:45'),
	('21', '2018-03-20', '18:01:30'),
	('21', '2018-03-20', '18:07:03'),
	('21', '2018-03-20', '18:11:46'),
	('21', '2018-03-20', '18:16:08'),
	('21', '2018-03-20', '18:47:50'),
	('21', '2018-03-20', '18:50:10'),
	('21', '2018-03-20', '18:57:01'),
	('21', '2018-03-20', '19:15:51'),
	('21', '2018-03-20', '20:06:40'),
	('21', '2018-03-20', '21:31:42'),
	('21', '2018-03-20', '21:37:30'),
	('21', '2018-03-21', '01:06:44'),
	('21', '2018-03-21', '01:26:56'),
	('21', '2018-03-21', '01:36:46'),
	('21', '2018-03-21', '01:50:52'),
	('21', '2018-03-21', '02:01:31'),
	('21', '2018-03-21', '10:36:26'),
	('21', '2018-03-21', '11:18:12'),
	('21', '2018-03-21', '11:47:21'),
	('21', '2018-03-21', '12:08:30'),
	('21', '2018-03-21', '12:16:00'),
	('21', '2018-03-21', '12:44:20'),
	('21', '2018-03-21', '12:47:08'),
	('21', '2018-03-21', '13:30:51'),
	('21', '2018-03-21', '14:05:39'),
	('21', '2018-03-21', '14:26:36'),
	('21', '2018-03-21', '14:29:38'),
	('21', '2018-03-21', '14:32:09'),
	('21', '2018-03-21', '14:35:24'),
	('21', '2018-03-21', '14:38:53'),
	('21', '2018-03-21', '14:40:50'),
	('21', '2018-03-21', '14:42:04'),
	('21', '2018-03-21', '14:44:07'),
	('21', '2018-03-21', '14:49:35'),
	('21', '2018-03-21', '14:53:13'),
	('21', '2018-03-21', '15:00:32'),
	('21', '2018-03-21', '15:04:16'),
	('21', '2018-03-21', '15:48:57'),
	('21', '2018-03-21', '16:06:54'),
	('21', '2018-03-21', '18:32:57'),
	('21', '2018-03-21', '18:55:01'),
	('21', '2018-03-21', '19:04:28'),
	('21', '2018-03-21', '19:11:27'),
	('21', '2018-03-21', '19:16:04'),
	('21', '2018-03-21', '19:22:53'),
	('21', '2018-03-21', '19:30:07'),
	('21', '2018-03-21', '23:23:45'),
	('21', '2018-03-21', '23:25:45'),
	('21', '2018-03-21', '23:33:58'),
	('21', '2018-03-21', '23:48:22'),
	('21', '2018-03-22', '00:22:27'),
	('21', '2018-03-22', '01:09:36'),
	('21', '2018-03-22', '01:13:02'),
	('21', '2018-03-22', '01:16:46'),
	('21', '2018-03-22', '01:25:25'),
	('21', '2018-03-22', '02:22:37'),
	('21', '2018-03-22', '10:50:08'),
	('21', '2018-03-22', '15:03:06'),
	('21', '2018-03-23', '02:44:16'),
	('21', '2018-03-26', '14:46:32'),
	('21', '2018-03-26', '14:57:19'),
	('21', '2018-03-26', '19:53:21'),
	('21', '2018-03-28', '01:29:58'),
	('21', '2018-03-28', '01:42:56'),
	('21', '2018-03-29', '18:06:52'),
	('21', '2018-03-29', '18:17:07'),
	('21', '2018-03-29', '19:01:00'),
	('21', '2018-03-29', '19:11:20'),
	('21', '2018-03-29', '20:02:11'),
	('21', '2018-03-29', '20:15:17'),
	('21', '2018-03-29', '21:11:38'),
	('21', '2018-03-29', '21:51:09'),
	('21', '2018-03-29', '21:57:59'),
	('21', '2018-03-29', '22:07:47'),
	('21', '2018-04-06', '21:35:37'),
	('21', '2018-04-08', '07:33:10'),
	('21', '2018-04-08', '07:41:49'),
	('21', '2018-04-11', '14:49:37'),
	('21', '2018-04-11', '15:37:06'),
	('21', '2018-04-12', '21:36:46'),
	('21', '2018-04-13', '11:50:56'),
	('21', '2018-04-13', '13:40:26'),
	('21', '2018-04-13', '16:38:58'),
	('21', '2018-04-13', '18:48:19'),
	('21', '2018-04-13', '20:45:13'),
	('21', '2018-04-15', '15:01:42'),
	('21', '2018-04-15', '16:51:47'),
	('21', '2018-04-15', '17:31:23'),
	('21', '2018-04-15', '17:31:41'),
	('21', '2018-04-16', '12:22:43'),
	('21', '2018-05-03', '09:57:16'),
	('21', '2018-05-03', '10:40:01'),
	('21', '2018-05-03', '17:18:53'),
	('21', '2018-05-03', '18:24:28'),
	('21', '2018-05-03', '18:38:25'),
	('21', '2018-05-04', '09:22:34'),
	('21', '2018-05-04', '09:37:26'),
	('21', '2018-05-04', '09:38:07'),
	('21', '2018-05-04', '10:44:25'),
	('21', '2018-05-04', '12:33:39'),
	('21', '2018-05-05', '14:19:53'),
	('21', '2018-05-05', '16:13:51'),
	('21', '2018-05-05', '16:58:02'),
	('21', '2018-05-07', '12:29:42'),
	('21', '2018-05-07', '19:45:29'),
	('21', '2018-05-08', '13:30:47'),
	('21', '2018-05-08', '15:12:59'),
	('21', '2018-05-08', '17:43:37'),
	('21', '2018-05-08', '18:42:06'),
	('21', '2018-05-08', '18:59:10'),
	('21', '2018-05-11', '12:13:10'),
	('21', '2018-05-11', '13:55:40'),
	('21', '2018-05-12', '07:35:27'),
	('21', '2018-05-12', '09:00:16'),
	('21', '2018-05-12', '09:21:27'),
	('21', '2018-05-12', '09:45:18'),
	('21', '2018-05-12', '09:53:35'),
	('21', '2018-05-12', '09:54:30'),
	('21', '2018-05-12', '09:55:40'),
	('21', '2018-05-12', '09:59:47'),
	('21', '2018-05-12', '10:04:21'),
	('21', '2018-05-12', '16:39:17'),
	('21', '2018-05-12', '16:42:57'),
	('21', '2018-05-12', '17:04:42'),
	('21', '2018-05-12', '17:07:07'),
	('21', '2018-05-14', '20:07:40'),
	('21', '2018-05-14', '20:11:21'),
	('21', '2018-05-15', '09:34:22'),
	('21', '2018-05-15', '15:21:09'),
	('21', '2018-05-15', '20:19:53'),
	('21', '2018-05-15', '20:20:53'),
	('21', '2018-05-16', '12:26:48'),
	('21', '2018-05-16', '12:43:44'),
	('21', '2018-05-16', '12:44:13'),
	('21', '2018-05-16', '13:05:15'),
	('21', '2018-05-16', '13:06:01'),
	('21', '2018-05-16', '13:31:09'),
	('21', '2018-05-16', '14:48:31'),
	('21', '2018-05-16', '14:54:22'),
	('21', '2018-05-16', '14:55:16'),
	('21', '2018-05-16', '15:05:13'),
	('21', '2018-05-16', '15:07:19'),
	('21', '2018-05-16', '15:35:41'),
	('21', '2018-05-16', '15:43:17'),
	('21', '2018-05-16', '15:44:24'),
	('21', '2018-05-16', '16:11:34'),
	('21', '2018-05-16', '16:33:21'),
	('21', '2018-05-16', '16:34:40'),
	('21', '2018-05-16', '16:35:35'),
	('21', '2018-05-16', '16:36:40'),
	('21', '2018-05-16', '20:23:05'),
	('21', '2018-05-17', '22:38:36'),
	('21', '2018-05-18', '12:39:38'),
	('21', '2018-05-18', '12:41:19'),
	('21', '2018-05-18', '13:14:25'),
	('21', '2018-05-18', '14:35:28'),
	('21', '2018-05-18', '16:46:08'),
	('21', '2018-05-20', '11:40:21'),
	('21', '2018-05-20', '11:52:29'),
	('21', '2018-05-20', '12:59:08'),
	('21', '2018-05-20', '14:01:22'),
	('21', '2018-05-20', '14:05:28'),
	('21', '2018-05-20', '15:21:21'),
	('21', '2018-05-20', '16:13:00'),
	('21', '2018-05-21', '12:18:26'),
	('21', '2018-05-21', '13:25:07'),
	('21', '2018-05-21', '14:07:50'),
	('21', '2018-05-21', '17:18:31'),
	('21', '2018-05-21', '17:18:53'),
	('21', '2018-05-21', '18:49:04'),
	('21', '2018-05-21', '21:55:06'),
	('21', '2018-05-21', '23:06:20'),
	('21', '2018-05-22', '09:02:26'),
	('21', '2018-05-22', '09:13:15'),
	('21', '2018-05-22', '10:06:22'),
	('21', '2018-05-22', '11:13:48'),
	('21', '2018-05-22', '13:44:40'),
	('21', '2018-05-22', '14:13:31'),
	('21', '2018-05-22', '14:14:27'),
	('21', '2018-05-22', '16:28:04'),
	('21', '2018-05-22', '17:53:56'),
	('21', '2018-05-22', '17:57:56'),
	('21', '2018-05-22', '18:00:44'),
	('21', '2018-05-22', '18:11:02'),
	('21', '2018-05-22', '19:59:07'),
	('21', '2018-05-22', '21:25:10'),
	('21', '2018-05-22', '22:18:38'),
	('21', '2018-05-23', '22:13:02'),
	('21', '2018-05-26', '11:10:22'),
	('21', '2018-05-26', '11:51:39'),
	('21', '2018-05-26', '12:53:21'),
	('21', '2018-05-26', '13:31:44'),
	('21', '2018-05-26', '14:54:47'),
	('21', '2018-05-26', '15:03:41'),
	('21', '2018-05-26', '17:47:36'),
	('21', '2018-05-26', '17:56:14'),
	('21', '2018-05-26', '19:28:11'),
	('21', '2018-05-26', '19:40:03'),
	('21', '2018-05-26', '21:30:54'),
	('21', '2018-05-26', '23:19:10'),
	('21', '2018-05-27', '09:32:49'),
	('21', '2018-05-27', '12:07:40'),
	('21', '2018-05-27', '14:59:02'),
	('21', '2018-05-27', '15:42:47'),
	('21', '2018-05-27', '16:18:48'),
	('21', '2018-05-27', '16:19:33'),
	('21', '2018-05-27', '18:47:49'),
	('21', '2018-05-27', '21:33:38'),
	('21', '2018-05-28', '12:25:06'),
	('21', '2018-05-28', '16:25:34'),
	('21', '2018-05-29', '13:08:23'),
	('21', '2018-05-29', '13:39:50'),
	('21', '2018-05-29', '14:06:03'),
	('21', '2018-05-29', '14:08:54'),
	('21', '2018-05-29', '14:23:44'),
	('21', '2018-05-29', '15:18:19'),
	('21', '2018-05-29', '15:23:30'),
	('21', '2018-05-29', '15:48:35'),
	('21', '2018-05-29', '15:50:44'),
	('21', '2018-05-29', '16:20:14'),
	('21', '2018-05-29', '17:28:09'),
	('21', '2018-05-29', '17:43:29'),
	('21', '2018-05-29', '17:52:38'),
	('21', '2018-05-29', '18:36:23'),
	('21', '2018-05-29', '18:42:38'),
	('21', '2018-05-29', '18:43:47'),
	('21', '2018-05-29', '18:47:00'),
	('21', '2018-05-29', '18:49:08'),
	('21', '2018-05-29', '18:50:45'),
	('21', '2018-05-29', '19:45:51'),
	('21', '2018-05-29', '19:47:30'),
	('21', '2018-05-29', '20:01:36'),
	('21', '2018-05-29', '21:06:34'),
	('21', '2018-05-30', '05:21:48'),
	('21', '2018-05-30', '08:44:50'),
	('21', '2018-05-30', '09:26:31'),
	('21', '2018-05-30', '10:01:06'),
	('21', '2018-05-30', '10:43:33'),
	('21', '2018-05-30', '10:48:43'),
	('21', '2018-05-30', '12:18:10'),
	('21', '2018-05-31', '13:54:02'),
	('21', '2018-05-31', '14:38:54'),
	('21', '2018-05-31', '15:01:54'),
	('21', '2018-05-31', '15:03:50'),
	('21', '2018-05-31', '15:22:44'),
	('21', '2018-06-01', '17:43:58'),
	('21', '2018-06-01', '18:39:05'),
	('21', '2018-06-01', '19:28:50'),
	('21', '2018-06-01', '20:21:47'),
	('21', '2018-06-01', '20:44:27'),
	('21', '2018-06-02', '18:34:13'),
	('21', '2018-06-02', '20:16:24'),
	('21', '2018-06-03', '09:37:55'),
	('21', '2018-06-03', '10:20:19'),
	('21', '2018-06-03', '10:35:39'),
	('21', '2018-06-03', '11:05:09'),
	('21', '2018-06-03', '11:06:17'),
	('21', '2018-06-03', '11:28:36'),
	('21', '2018-06-03', '13:55:30'),
	('21', '2018-06-03', '14:43:53'),
	('21', '2018-06-03', '20:37:29'),
	('21', '2018-06-03', '22:25:02'),
	('21', '2018-06-03', '22:57:54'),
	('21', '2018-06-04', '11:16:40'),
	('21', '2018-06-04', '14:39:56'),
	('21', '2018-06-04', '15:25:12'),
	('21', '2018-06-04', '18:09:15'),
	('21', '2018-06-04', '19:19:41'),
	('21', '2018-06-04', '20:41:20'),
	('21', '2018-06-04', '20:45:19'),
	('21', '2018-06-04', '21:34:13'),
	('21', '2018-06-04', '21:39:03'),
	('21', '2018-06-04', '21:57:03'),
	('21', '2018-06-04', '22:06:57'),
	('21', '2018-06-05', '07:53:20'),
	('21', '2018-06-05', '10:15:23'),
	('21', '2018-06-05', '10:45:37'),
	('21', '2018-06-05', '11:15:52'),
	('21', '2018-06-05', '13:13:29'),
	('21', '2018-06-05', '13:47:20'),
	('21', '2018-06-05', '13:50:08'),
	('21', '2018-06-05', '15:18:15'),
	('21', '2018-06-05', '16:05:39'),
	('21', '2018-06-06', '12:35:54'),
	('21', '2018-06-06', '14:57:10'),
	('21', '2018-06-06', '14:59:47'),
	('21', '2018-06-06', '16:26:24'),
	('21', '2018-06-06', '17:47:41'),
	('21', '2018-06-06', '18:12:58'),
	('21', '2018-06-06', '18:25:44'),
	('21', '2018-06-06', '19:10:46'),
	('21', '2018-06-07', '09:56:26'),
	('21', '2018-06-07', '12:14:24'),
	('21', '2018-06-07', '16:14:19'),
	('21', '2018-06-07', '19:21:58'),
	('21', '2018-06-07', '21:07:10'),
	('21', '2018-06-08', '07:25:33'),
	('21', '2018-06-08', '08:07:05'),
	('21', '2018-06-08', '08:39:19'),
	('21', '2018-06-08', '10:53:33'),
	('21', '2018-06-08', '17:08:02'),
	('21', '2018-06-08', '17:13:51'),
	('21', '2018-06-08', '17:23:15'),
	('21', '2018-06-08', '17:30:39'),
	('21', '2018-06-08', '17:35:33'),
	('21', '2018-06-08', '18:00:56'),
	('21', '2018-06-08', '18:14:23'),
	('21', '2018-06-08', '18:24:52'),
	('21', '2018-06-08', '18:33:47'),
	('21', '2018-06-08', '18:42:58'),
	('21', '2018-06-08', '20:57:18'),
	('21', '2018-06-08', '21:09:28'),
	('21', '2018-06-08', '21:50:38'),
	('21', '2018-06-08', '22:13:59'),
	('21', '2018-06-08', '22:20:18'),
	('21', '2018-06-09', '09:41:40'),
	('21', '2018-06-09', '09:54:20'),
	('21', '2018-06-09', '09:54:53'),
	('21', '2018-06-09', '10:32:41'),
	('21', '2018-06-09', '11:58:58'),
	('21', '2018-06-09', '12:00:37'),
	('21', '2018-06-09', '12:01:43'),
	('21', '2018-06-09', '12:02:50'),
	('21', '2018-06-09', '12:04:14'),
	('21', '2018-06-09', '12:07:15'),
	('21', '2018-06-09', '12:14:46'),
	('21', '2018-06-11', '08:51:34'),
	('21', '2018-06-11', '11:17:04'),
	('21', '2018-06-11', '15:27:37'),
	('21', '2018-06-11', '17:07:02'),
	('21', '2018-06-11', '17:46:21'),
	('21', '2018-06-11', '19:35:42'),
	('21', '2018-06-11', '21:02:26'),
	('21', '2018-06-11', '22:15:44'),
	('21', '2018-06-12', '14:17:23'),
	('21', '2018-06-12', '14:18:52'),
	('21', '2018-06-12', '14:20:27'),
	('21', '2018-06-12', '14:20:31'),
	('21', '2018-06-12', '14:40:43'),
	('21', '2018-06-12', '14:43:55'),
	('21', '2018-06-12', '14:44:03'),
	('21', '2018-06-12', '14:44:07'),
	('21', '2018-06-13', '13:02:09'),
	('21', '2018-06-13', '13:10:18'),
	('21', '2018-06-14', '11:32:38'),
	('21', '2018-06-14', '11:34:30'),
	('21', '2018-06-14', '11:34:42'),
	('21', '2018-06-14', '12:38:05'),
	('21', '2018-06-14', '12:48:54'),
	('21', '2018-06-14', '17:47:17'),
	('21', '2018-06-14', '17:50:14'),
	('21', '2018-06-14', '17:52:25'),
	('21', '2018-06-14', '18:07:00'),
	('21', '2018-06-17', '21:03:40'),
	('21', '2018-06-17', '21:04:34'),
	('21', '2018-06-17', '21:07:36'),
	('21', '2018-07-16', '13:05:17'),
	('21', '2018-07-16', '13:07:09'),
	('21', '2018-07-16', '13:07:47'),
	('21', '2018-07-24', '15:40:00'),
	('21', '2018-07-26', '14:45:57'),
	('21', '2018-07-26', '17:23:23'),
	('21', '2018-07-26', '17:24:04'),
	('21', '2018-07-26', '17:24:34'),
	('21', '2018-07-26', '21:33:48'),
	('21', '2018-07-31', '15:45:14'),
	('21', '2018-07-31', '15:45:14'),
	('21', '2018-07-31', '15:45:14'),
	('21', '2018-07-31', '15:49:19'),
	('21', '2018-07-31', '15:49:27'),
	('21', '2018-07-31', '16:02:17'),
	('21', '2018-09-14', '14:29:31'),
	('21', '2018-09-14', '14:30:34'),
	('21', '2018-09-14', '14:32:17'),
	('21', '2018-09-14', '14:33:16'),
	('21', '2018-09-14', '14:36:46'),
	('21', '2018-09-14', '14:37:57'),
	('21', '2018-09-14', '14:38:24'),
	('21', '2018-09-14', '14:43:33'),
	('21', '2018-09-14', '14:46:55'),
	('21', '2018-09-14', '14:53:46'),
	('21', '2018-09-14', '14:54:23'),
	('21', '2018-09-14', '14:54:45');
/*!40000 ALTER TABLE `login_history` ENABLE KEYS */;


-- Dumping structure for table bwindihospital.parishes
CREATE TABLE IF NOT EXISTS `parishes` (
  `ParishId` varchar(20) CHARACTER SET utf8 NOT NULL,
  `SubcountyId` varchar(20) CHARACTER SET utf8 DEFAULT NULL,
  `ParishName` varchar(60) CHARACTER SET utf8 DEFAULT NULL,
  PRIMARY KEY (`ParishId`),
  KEY `SubcountyId` (`SubcountyId`)
) ENGINE=InnoDB DEFAULT CHARSET=latin1;

-- Dumping data for table bwindihospital.parishes: ~58 rows (approximately)
DELETE FROM `parishes`;
/*!40000 ALTER TABLE `parishes` DISABLE KEYS */;
INSERT INTO `parishes` (`ParishId`, `SubcountyId`, `ParishName`) VALUES
	('PARI000', 'SUBC000', 'Bugongi'),
	('PARI001', 'SUBC000', 'Katete'),
	('PARI002', 'SUBC000', 'Kiringa'),
	('PARI003', 'SUBC000', 'Nyarugunda'),
	('PARI004', 'SUBC000', 'Nyarutojo'),
	('PARI005', 'SUBC000', 'Ruhandagazi'),
	('PARI006', 'SUBC001', 'Eastern Ward'),
	('PARI007', 'SUBC001', 'Northern Ward'),
	('PARI008', 'SUBC001', 'Southern Ward'),
	('PARI009', 'SUBC001', 'Western Ward'),
	('PARI010', 'SUBC002', 'Burema'),
	('PARI011', 'SUBC002', 'Kihembe'),
	('PARI012', 'SUBC002', 'Kishenyi'),
	('PARI013', 'SUBC002', 'Nyamigoye'),
	('PARI014', 'SUBC003', 'Balisanga'),
	('PARI015', 'SUBC003', 'Bujengwe'),
	('PARI016', 'SUBC003', 'Kabasheshe'),
	('PARI017', 'SUBC003', 'Kafumba'),
	('PARI018', 'SUBC003', 'Kaina'),
	('PARI019', 'SUBC003', 'Kamusabi'),
	('PARI020', 'SUBC003', 'Kanywero'),
	('PARI021', 'SUBC003', 'Karangara'),
	('PARI022', 'SUBC003', 'Katooma'),
	('PARI023', 'SUBC003', 'Kijubwe'),
	('PARI024', 'SUBC003', 'Kitwe'),
	('PARI025', 'SUBC003', 'Kyeshero'),
	('PARI026', 'SUBC003', 'Kyobwe'),
	('PARI027', 'SUBC003', 'Mukono'),
	('PARI028', 'SUBC003', 'Nakyesa'),
	('PARI029', 'SUBC003', 'Nakyesanja'),
	('PARI030', 'SUBC003', 'Namaliiri'),
	('PARI031', 'SUBC003', 'Namizo'),
	('PARI032', 'SUBC003', 'Ntungamo'),
	('PARI033', 'SUBC003', 'Ruhega'),
	('PARI034', 'SUBC004', 'Bihomborwa'),
	('PARI035', 'SUBC004', 'Kabuga'),
	('PARI036', 'SUBC004', 'Karubeizi'),
	('PARI037', 'SUBC004', 'Kibimbiri'),
	('PARI038', 'SUBC004', 'Kihihi Town'),
	('PARI039', 'SUBC004', 'Nkunda'),
	('PARI040', 'SUBC004', 'Nyakatunguru'),
	('PARI041', 'SUBC004', 'Nyanga'),
	('PARI042', 'SUBC004', 'Queen Elizabeth Np'),
	('PARI043', 'SUBC004', 'Rushoroza'),
	('PARI044', 'SUBC004', 'Rwanga'),
	('PARI045', 'SUBC004', 'Samaria'),
	('PARI046', 'SUBC005', 'Bushura'),
	('PARI047', 'SUBC005', 'Bwindi Impenetrable Np'),
	('PARI048', 'SUBC005', 'Kihanda'),
	('PARI049', 'SUBC005', 'Rubimbwa'),
	('PARI050', 'SUBC005', 'Rutugunda'),
	('PARI051', 'SUBC006', 'Bulemba'),
	('PARI052', 'SUBC006', 'Bwindi Impenetrable Np'),
	('PARI053', 'SUBC006', 'Mpungu'),
	('PARI054', 'SUBC006', 'Muramba'),
	('PARI055', 'SUBC006', 'Ngara'),
	('PARI056', 'SUBC007', 'Kigarama'),
	('PARI057', 'SUBC007', 'Mashaku'),
	('PARI058', 'SUBC007', 'Ntungwa'),
	('PARI059', 'SUBC007', 'Nyakashure'),
	('PARI060', 'SUBC007', 'Nyarurambi'),
	('PARI061', 'SUBC007', 'Rushaka'),
	('PARI062', 'SUBC008', 'Kashojwa'),
	('PARI063', 'SUBC008', 'Katungu'),
	('PARI064', 'SUBC008', 'Kayungwe'),
	('PARI065', 'SUBC008', 'Kitojo'),
	('PARI066', 'SUBC008', 'Mishenyi'),
	('PARI067', 'SUBC008', 'Nyarurambi'),
	('PARI068', 'SUBC009', 'Katojo'),
	('PARI069', 'SUBC009', 'Kinaaba'),
	('PARI070', 'SUBC009', 'Mafuga'),
	('PARI071', 'SUBC009', 'Mafuga Fr'),
	('PARI072', 'SUBC009', 'Muramba');
/*!40000 ALTER TABLE `parishes` ENABLE KEYS */;


-- Dumping structure for table bwindihospital.roles
CREATE TABLE IF NOT EXISTS `roles` (
  `RID` int(10) NOT NULL DEFAULT '0',
  `Name` varchar(50) DEFAULT NULL,
  `Description` varchar(150) DEFAULT NULL,
  PRIMARY KEY (`RID`)
) ENGINE=InnoDB DEFAULT CHARSET=latin1 COMMENT='Table for the different Roles as According to the Hospital Management';

-- Dumping data for table bwindihospital.roles: ~0 rows (approximately)
DELETE FROM `roles`;
/*!40000 ALTER TABLE `roles` DISABLE KEYS */;
INSERT INTO `roles` (`RID`, `Name`, `Description`) VALUES
	(3, '', NULL);
/*!40000 ALTER TABLE `roles` ENABLE KEYS */;


-- Dumping structure for table bwindihospital.subcounty
CREATE TABLE IF NOT EXISTS `subcounty` (
  `SubcountyId` varchar(20) CHARACTER SET utf8 NOT NULL,
  `SubcountyName` varchar(60) CHARACTER SET utf8 DEFAULT NULL,
  PRIMARY KEY (`SubcountyId`)
) ENGINE=InnoDB DEFAULT CHARSET=latin1;

-- Dumping data for table bwindihospital.subcounty: ~23 rows (approximately)
DELETE FROM `subcounty`;
/*!40000 ALTER TABLE `subcounty` DISABLE KEYS */;
INSERT INTO `subcounty` (`SubcountyId`, `SubcountyName`) VALUES
	('SUBC000', 'Kambuga'),
	('SUBC001', 'Kanungu Tc'),
	('SUBC002', 'Kanyantorogo'),
	('SUBC003', 'Kayonza'),
	('SUBC004', 'Kihiihi'),
	('SUBC005', 'Kirima'),
	('SUBC006', 'Mpungu'),
	('SUBC007', 'Nyamirama'),
	('SUBC008', 'Rugyeyo'),
	('SUBC009', 'Rutenga');
/*!40000 ALTER TABLE `subcounty` ENABLE KEYS */;


-- Dumping structure for table bwindihospital.users
CREATE TABLE IF NOT EXISTS `users` (
  `UID` int(8) NOT NULL AUTO_INCREMENT,
  `record_id` varchar(125) CHARACTER SET utf8 DEFAULT NULL,
  `Status` varchar(20) DEFAULT NULL,
  `FullName` varchar(50) DEFAULT NULL,
  `UserName` varchar(50) DEFAULT NULL,
  `RID` int(10) DEFAULT NULL,
  `DID` int(10) DEFAULT NULL,
  `Password` varchar(150) DEFAULT NULL,
  `Sex` char(1) DEFAULT NULL,
  `UserLevel` varchar(8) DEFAULT 'Normal',
  `Deleted` char(1) DEFAULT NULL,
  PRIMARY KEY (`UID`)
) ENGINE=InnoDB AUTO_INCREMENT=23 DEFAULT CHARSET=latin1 COMMENT='Keeps information about the users';

-- Dumping data for table bwindihospital.users: ~20 rows (approximately)
DELETE FROM `users`;
/*!40000 ALTER TABLE `users` DISABLE KEYS */;
INSERT INTO `users` (`UID`, `record_id`, `Status`, `FullName`, `UserName`, `RID`, `DID`, `Password`, `Sex`, `UserLevel`, `Deleted`) VALUES
	(21, '17d97532-0766-11e8-b94f-d85de29eb48a', 'Active', 'emmanual', 'emmanual', 3, 32, '8sIe1hVzdGo=', 'M', 'Normal', 'N');
/*!40000 ALTER TABLE `users` ENABLE KEYS */;


-- Dumping structure for table bwindihospital.vht
CREATE TABLE IF NOT EXISTS `vht` (
  `vhtId` int(10) NOT NULL AUTO_INCREMENT,
  `vhtName` varchar(50) DEFAULT NULL,
  `Age` int(10) DEFAULT NULL,
  `Sex` char(1) DEFAULT NULL,
  `vhtPhoneNumber` varchar(50) DEFAULT NULL,
  `isCBD` char(1) DEFAULT NULL,
  `vhtVillage` varchar(20) NOT NULL,
  `recordDate` datetime DEFAULT NULL,
  `userId` int(10) NOT NULL,
  `recordStatus` char(1) DEFAULT NULL,
  `mchisid` int(11) DEFAULT NULL,
  `create_unsyncd` char(1) DEFAULT NULL,
  `update_unsyncd` char(1) DEFAULT NULL,
  PRIMARY KEY (`vhtId`),
  KEY `vhtVillage` (`vhtVillage`,`userId`)
) ENGINE=InnoDB AUTO_INCREMENT=801 DEFAULT CHARSET=latin1;

-- Dumping data for table bwindihospital.vht: ~548 rows (approximately)
DELETE FROM `vht`;
/*!40000 ALTER TABLE `vht` DISABLE KEYS */;
INSERT INTO `vht` (`vhtId`, `vhtName`, `Age`, `Sex`, `vhtPhoneNumber`, `isCBD`, `vhtVillage`, `recordDate`, `userId`, `recordStatus`, `mchisid`, `create_unsyncd`, `update_unsyncd`) VALUES
	(580, 'TestVHT1', 50, 'F', '256777777777', 'Y', 'VILL016', '2018-05-08 15:14:02', 21, '0', NULL, '1', '2'),
	(681, 'TestVHT2', 55, 'M', '256777777777', 'Y', 'VILL016', '2018-05-12 17:23:03', 21, '0', NULL, '1', '2'),
	(742, 'TestVHT3', 50, 'F', '256777777777', 'Y', 'VILL016', '2018-05-14 20:10:40', 21, '0', NULL, '1', '0'),
	(783, 'TestVHT4', 60, 'M', '256777777777', 'N', 'VILL016', '2018-05-15 09:53:05', 21, '0', NULL, '1', '2'),
	(784, 'TestVHT5', 70, 'M', '256777777777', 'Y', 'VILL016', '2018-05-15 15:22:11', 21, '0', NULL, '1', '0'),
	(785, 'TestVHT6 LastName ', 45, 'M', '256777777777', 'Y', 'VILL016', '2018-05-15 15:22:11', 21, '0', NULL, '1', NULL),
	(786, 'Daniel VHT ', 55, 'M', '256712420725', 'Y', 'VILL016', '2018-05-15 15:22:11', 21, NULL, NULL, '1', NULL),
	(787, 'Test VHT7 ', 65, 'M', '256787878787', 'Y', 'VILL016', '2018-05-16 10:22:11', 21, '0', NULL, '1', '2'),
	(788, 'Daniel VHTWednesday ', 45, 'M', '256772221382', 'Y', 'VILL002', '2018-05-16 10:22:11', 21, NULL, NULL, '1', NULL),
	(789, 'Test VHT8', 60, 'F', '256989898989', 'Y', 'VILL016', '2018-05-18 12:40:52', 21, '0', NULL, '1', '2'),
	(790, 'Test VHT9', 40, 'F', '256767676767', 'Y', 'VILL016', '2018-05-20 12:59:58', 21, '0', NULL, '1', '0'),
	(791, 'Test VHT10', 30, 'F', '256545454545', 'Y', 'VILL016', '2018-05-21 12:19:29', 21, '0', NULL, '1', '0'),
	(792, 'Test VHT11', 30, 'F', '256434343434', 'N', 'VILL016', '2018-05-21 21:55:58', 21, '0', NULL, '1', '0'),
	(793, 'Test VHT11D', 20, 'M', '256434343433', 'Y', 'VILL016', '2018-05-21 21:58:34', 21, '8', NULL, '0', '0'),
	(794, 'Test VHT 12', 55, 'F', '256323232323', 'N', 'VILL016', '2018-05-26 11:52:38', 21, '0', NULL, '1', '0'),
	(796, 'Test VHT12D2', 50, 'F', '256323232322', 'Y', 'VILL016', '2018-05-27 12:09:09', 21, '9', NULL, '1', '1'),
	(797, 'Test VHT 13 yy ', 35, 'F', '256212121212', 'Y', 'VILL016', '2018-05-29 13:10:02', 21, '0', NULL, '1', '2'),
	(798, 'Test VHT 13v2', 50, 'F', '256121212121', 'N', 'VILL016', '2018-05-29 13:35:35', 21, '0', NULL, '1', '2'),
	(799, 'Test VHT 14a', 40, 'F', '256101010101', 'Y', 'VILL016', '2018-05-31 14:39:50', 21, '0', NULL, '1', '0'),
	(800, 'Test VHT 15', 35, 'F', '256090909090', 'Y', 'VILL016', '2018-06-05 15:19:21', 21, '0', NULL, '1', '0');
/*!40000 ALTER TABLE `vht` ENABLE KEYS */;


-- Dumping structure for table bwindihospital.village
CREATE TABLE IF NOT EXISTS `village` (
  `VillageId` varchar(20) CHARACTER SET utf8 NOT NULL,
  `ParishId` varchar(20) CHARACTER SET utf8 DEFAULT NULL,
  `VillageName` varchar(60) CHARACTER SET utf8 DEFAULT NULL,
  PRIMARY KEY (`VillageId`),
  KEY `ParishId` (`ParishId`)
) ENGINE=InnoDB DEFAULT CHARSET=latin1;

-- Dumping data for table bwindihospital.village: ~215 rows (approximately)
DELETE FROM `village`;
/*!40000 ALTER TABLE `village` DISABLE KEYS */;
INSERT INTO `village` (`VillageId`, `ParishId`, `VillageName`) VALUES
	('VILL000', 'PARI000', 'Ihembe'),
	('VILL001', 'PARI000', 'Ihunga'),
	('VILL002', 'PARI000', 'Kakinga'),
	('VILL003', 'PARI000', 'Kakinga Cell'),
	('VILL004', 'PARI000', 'Kayenje'),
	('VILL005', 'PARI000', 'Kigarama'),
	('VILL006', 'PARI000', 'Kitoha'),
	('VILL007', 'PARI000', 'Mukorogyero'),
	('VILL008', 'PARI000', 'Murehe A'),
	('VILL009', 'PARI000', 'Murehe B'),
	('VILL010', 'PARI000', 'Nyakatunguru'),
	('VILL011', 'PARI000', 'Nyakatunguru'),
	('VILL012', 'PARI000', 'Rukiri'),
	('VILL013', 'PARI000', 'Rushebeya A'),
	('VILL014', 'PARI000', 'Rushebeya B'),
	('VILL015', 'PARI000', 'Rwamanyonyi'),
	('VILL016', 'PARI000', 'Rweyerezo'),
	('VILL017', 'PARI001', 'Ibumbwe'),
	('VILL018', 'PARI001', 'Kanyamisinga'),
	('VILL019', 'PARI001', 'Katete'),
	('VILL020', 'PARI001', 'Kayanja'),
	('VILL021', 'PARI001', 'Kirembe'),
	('VILL022', 'PARI001', 'Kishuro'),
	('VILL023', 'PARI001', 'Kishuro'),
	('VILL024', 'PARI001', 'Kishuro'),
	('VILL025', 'PARI001', 'Kitibiri'),
	('VILL026', 'PARI001', 'Mpagango'),
	('VILL027', 'PARI001', 'Mpangango'),
	('VILL028', 'PARI001', 'Mutojo'),
	('VILL029', 'PARI001', 'Nyakishojwa'),
	('VILL030', 'PARI001', 'Nyaruhanga'),
	('VILL031', 'PARI001', 'Nyarurambi'),
	('VILL032', 'PARI001', 'Nyarurambi'),
	('VILL033', 'PARI001', 'Nyarurambi'),
	('VILL034', 'PARI002', 'Bushombe'),
	('VILL035', 'PARI002', 'Katembe'),
	('VILL036', 'PARI002', 'Kigando'),
	('VILL037', 'PARI002', 'Kigando'),
	('VILL038', 'PARI002', 'Kigando'),
	('VILL039', 'PARI002', 'Mushunga'),
	('VILL040', 'PARI002', 'Nyambizi'),
	('VILL041', 'PARI002', 'Rwembogo'),
	('VILL042', 'PARI002', 'Rwentondo'),
	('VILL043', 'PARI002', 'Zorooma'),
	('VILL044', 'PARI003', 'Kakoni'),
	('VILL045', 'PARI003', 'Kakoni'),
	('VILL046', 'PARI003', 'Kashuri'),
	('VILL047', 'PARI003', 'Katojo'),
	('VILL048', 'PARI003', 'Nkambi'),
	('VILL049', 'PARI003', 'Nyampikyi'),
	('VILL050', 'PARI003', 'Nyarugunda'),
	('VILL051', 'PARI003', 'Nyarugunda'),
	('VILL052', 'PARI003', 'Nyarugunda'),
	('VILL053', 'PARI003', 'Nyaruhanga'),
	('VILL054', 'PARI003', 'Nyaruhanga'),
	('VILL055', 'PARI003', 'Rutooma'),
	('VILL056', 'PARI003', 'Rutooma'),
	('VILL057', 'PARI004', 'Kagongo'),
	('VILL058', 'PARI004', 'Kashayo'),
	('VILL059', 'PARI004', 'Kigarama'),
	('VILL060', 'PARI004', 'Kirundwe'),
	('VILL061', 'PARI004', 'Kyampoza'),
	('VILL062', 'PARI004', 'Kyamugaga'),
	('VILL063', 'PARI004', 'Kyomuringa'),
	('VILL064', 'PARI004', 'Mushunga'),
	('VILL065', 'PARI004', 'Nyakagyezi'),
	('VILL066', 'PARI004', 'Nyakeina'),
	('VILL067', 'PARI004', 'Nyarutojo'),
	('VILL068', 'PARI004', 'Omubajagari'),
	('VILL069', 'PARI004', 'Rwere'),
	('VILL070', 'PARI005', 'Bunyinya'),
	('VILL071', 'PARI005', 'Kanyamomo'),
	('VILL072', 'PARI005', 'Katungu'),
	('VILL073', 'PARI005', 'Kayanga'),
	('VILL074', 'PARI005', 'Kibale'),
	('VILL075', 'PARI005', 'Kibale I'),
	('VILL076', 'PARI005', 'Kibale Ii'),
	('VILL077', 'PARI005', 'Kitorero'),
	('VILL078', 'PARI005', 'Moocha'),
	('VILL079', 'PARI005', 'Ngarama'),
	('VILL080', 'PARI005', 'Nyakatunguru'),
	('VILL081', 'PARI005', 'Rugari'),
	('VILL082', 'PARI006', 'Burondo'),
	('VILL083', 'PARI006', 'Katate'),
	('VILL084', 'PARI006', 'Kifunjo'),
	('VILL085', 'PARI006', 'Kirengye'),
	('VILL086', 'PARI006', 'Kyamunjuri'),
	('VILL087', 'PARI006', 'Marumba'),
	('VILL088', 'PARI006', 'Murengyeza'),
	('VILL089', 'PARI006', 'Mushasha'),
	('VILL090', 'PARI006', 'Rugoma'),
	('VILL091', 'PARI007', 'Bukora'),
	('VILL092', 'PARI007', 'Bushanja'),
	('VILL093', 'PARI007', 'Karuhinda'),
	('VILL094', 'PARI007', 'Kazirankyende'),
	('VILL095', 'PARI007', 'Kicwamba'),
	('VILL096', 'PARI007', 'Kishojwa'),
	('VILL097', 'PARI007', 'Nyakibuga / Kyambogo'),
	('VILL098', 'PARI007', 'Nyakihira'),
	('VILL099', 'PARI007', 'Nyamihungye'),
	('VILL100', 'PARI007', 'Rushebeya'),
	('VILL101', 'PARI007', 'Rwabushunju'),
	('VILL102', 'PARI008', 'Burandami'),
	('VILL103', 'PARI008', 'Butare'),
	('VILL104', 'PARI008', 'Kanjara'),
	('VILL105', 'PARI008', 'Kanyarutama'),
	('VILL106', 'PARI008', 'Karama'),
	('VILL107', 'PARI008', 'Kashenyi'),
	('VILL108', 'PARI008', 'Kishamba'),
	('VILL109', 'PARI008', 'Kyabworo'),
	('VILL110', 'PARI008', 'Kyandago'),
	('VILL111', 'PARI008', 'Masya'),
	('VILL112', 'PARI008', 'Muhororo'),
	('VILL113', 'PARI008', 'Omumbuga'),
	('VILL114', 'PARI009', 'Burebane'),
	('VILL115', 'PARI009', 'Bwoma'),
	('VILL116', 'PARI009', 'Ifubura'),
	('VILL117', 'PARI009', 'Irumba'),
	('VILL118', 'PARI009', 'Kanungu'),
	('VILL119', 'PARI009', 'Kyamogote'),
	('VILL120', 'PARI009', 'Mashenga'),
	('VILL121', 'PARI009', 'Nyakatare'),
	('VILL122', 'PARI010', 'Kahama'),
	('VILL123', 'PARI010', 'Kashanda'),
	('VILL124', 'PARI010', 'Kitookye'),
	('VILL125', 'PARI010', 'Nyaruhanga'),
	('VILL126', 'PARI011', 'Kanyanshande'),
	('VILL127', 'PARI011', 'Kanyantorogo'),
	('VILL128', 'PARI011', 'Kashesha'),
	('VILL129', 'PARI011', 'Katasenywa'),
	('VILL130', 'PARI011', 'Kengoma'),
	('VILL131', 'PARI011', 'Kengoma'),
	('VILL132', 'PARI011', 'Kihembe Central'),
	('VILL133', 'PARI011', 'Kihembe Central'),
	('VILL134', 'PARI011', 'Kyamugamba'),
	('VILL135', 'PARI011', 'Kyawinyi'),
	('VILL136', 'PARI011', 'Kyozi'),
	('VILL137', 'PARI011', 'Kyozi'),
	('VILL138', 'PARI011', 'Musoma'),
	('VILL139', 'PARI011', 'Ntabarwe'),
	('VILL140', 'PARI011', 'Nyabirehe A'),
	('VILL141', 'PARI011', 'Nyabirehe B'),
	('VILL142', 'PARI011', 'Nyakabingo'),
	('VILL143', 'PARI011', 'Nyakasharara'),
	('VILL144', 'PARI011', 'Nyakasharara'),
	('VILL145', 'PARI011', 'Rugarama'),
	('VILL146', 'PARI011', 'Rukarara'),
	('VILL147', 'PARI011', 'Rukarara'),
	('VILL148', 'PARI011', 'Rushoroza'),
	('VILL149', 'PARI012', 'Burambira'),
	('VILL150', 'PARI012', 'Burema'),
	('VILL151', 'PARI012', 'Kahama'),
	('VILL152', 'PARI012', 'Kanyungutsi'),
	('VILL153', 'PARI012', 'Kishao'),
	('VILL154', 'PARI012', 'Kishayo'),
	('VILL155', 'PARI012', 'Nyambare'),
	('VILL156', 'PARI012', 'Runyinya'),
	('VILL157', 'PARI012', 'Runyinya'),
	('VILL158', 'PARI013', 'Bugiri'),
	('VILL159', 'PARI013', 'Bushoro'),
	('VILL160', 'PARI013', 'Ishasha'),
	('VILL161', 'PARI013', 'Kanungu'),
	('VILL162', 'PARI013', 'Kason'),
	('VILL163', 'PARI013', 'Kason'),
	('VILL164', 'PARI013', 'Kyajura'),
	('VILL165', 'PARI013', 'Nyabihoko'),
	('VILL166', 'PARI013', 'Nyabubare'),
	('VILL167', 'PARI014', 'Balisanga'),
	('VILL168', 'PARI014', 'Kabalangaja'),
	('VILL169', 'PARI014', 'Kikwatambogo'),
	('VILL170', 'PARI014', 'Kirisiru'),
	('VILL171', 'PARI014', 'Matigi'),
	('VILL172', 'PARI014', 'Nabusanja'),
	('VILL173', 'PARI014', 'Nkokonjeru'),
	('VILL174', 'PARI014', 'Nsambya'),
	('VILL175', 'PARI014', 'Nzingu'),
	('VILL176', 'PARI015', 'Bugarura'),
	('VILL177', 'PARI015', 'Byumba'),
	('VILL178', 'PARI015', 'Kakyerere'),
	('VILL179', 'PARI015', 'Kanoni'),
	('VILL180', 'PARI015', 'Kashanda'),
	('VILL181', 'PARI015', 'Kazahi'),
	('VILL182', 'PARI015', 'Kishengere'),
	('VILL183', 'PARI015', 'Mayanja'),
	('VILL184', 'PARI015', 'Mushorero'),
	('VILL185', 'PARI015', 'Nyamishamba'),
	('VILL186', 'PARI015', 'Rutooma'),
	('VILL188', 'PARI017', 'Bukomba A & B'),
	('VILL189', 'PARI017', 'Kafumba'),
	('VILL190', 'PARI017', 'Kakooge'),
	('VILL191', 'PARI017', 'Kiwuna'),
	('VILL192', 'PARI017', 'Nawankonge'),
	('VILL193', 'PARI017', 'Nyondo A'),
	('VILL194', 'PARI017', 'Nyondo B'),
	('VILL195', 'PARI017', 'Nyondo C'),
	('VILL196', 'PARI018', 'Kimara'),
	('VILL197', 'PARI018', 'Ntungamo'),
	('VILL198', 'PARI018', 'Rwabakyeneka'),
	('VILL199', 'PARI019', 'Bugatto'),
	('VILL200', 'PARI019', 'Bugonya A'),
	('VILL201', 'PARI019', 'Bugonya B'),
	('VILL202', 'PARI019', 'Isiima'),
	('VILL203', 'PARI019', 'Kamusabi'),
	('VILL204', 'PARI019', 'Kasolokamponye'),
	('VILL205', 'PARI019', 'Kiganda'),
	('VILL206', 'PARI019', 'Lugasa West'),
	('VILL207', 'PARI019', 'Lukonda'),
	('VILL208', 'PARI019', 'Nsanvu'),
	('VILL209', 'PARI019', 'Wabunyonyi'),
	('VILL210', 'PARI020', 'Katuugo'),
	('VILL211', 'PARI020', 'Kazinga'),
	('VILL212', 'PARI020', 'Kidukulu'),
	('VILL213', 'PARI020', 'Kiseeta A'),
	('VILL214', 'PARI020', 'Kiseeta B'),
	('VILL215', 'PARI020', 'Kitwe East'),
	('VILL216', 'PARI020', 'Takajunge'),
	('VILL217', 'PARI020', 'Tindian'),
	('VILL218', 'PARI020', 'Wunga'),
	('VILL219', 'PARI021', 'Bujengwe'),
	('VILL220', 'PARI021', 'Kagoma'),
	('VILL221', 'PARI021', 'Mushija'),
	('VILL222', 'PARI021', 'Ntegeyere'),
	('VILL223', 'PARI021', 'Nyakabingo'),
	('VILL224', 'PARI021', 'Nyakahanga'),
	('VILL225', 'PARI021', 'Nyamabare'),
	('VILL226', 'PARI021', 'Rutare'),
	('VILL227', 'PARI021', 'Rwamiyumbu'),
	('VILL228', 'PARI021', 'Rwemirama'),
	('VILL229', 'PARI021', 'Shagii'),
	('VILL230', 'PARI023', 'Kijubwe'),
	('VILL231', 'PARI023', 'Mutaka'),
	('VILL233', 'PARI024', 'Kyebuye'),
	('VILL234', 'PARI024', 'Meri'),
	('VILL235', 'PARI025', 'Buranda'),
	('VILL236', 'PARI025', 'Bweronde'),
	('VILL237', 'PARI025', 'Kakureiju'),
	('VILL238', 'PARI025', 'Kangyeyo'),
	('VILL239', 'PARI025', 'Kashenyi'),
	('VILL240', 'PARI025', 'Kataburaza'),
	('VILL241', 'PARI025', 'Katiba'),
	('VILL242', 'PARI025', 'Katiba Cell'),
	('VILL243', 'PARI025', 'Kyandago'),
	('VILL244', 'PARI025', 'Kyeshero Central'),
	('VILL245', 'PARI025', 'Mboha'),
	('VILL246', 'PARI025', 'Nyakishojwa'),
	('VILL247', 'PARI025', 'Nyakishojwa'),
	('VILL248', 'PARI025', 'Nyakishonja'),
	('VILL249', 'PARI025', 'Nyamirambi'),
	('VILL250', 'PARI025', 'Rutendere'),
	('VILL251', 'PARI025', 'Rwabutera'),
	('VILL253', 'PARI027', 'Buhoma'),
	('VILL254', 'PARI027', 'Buhoma'),
	('VILL255', 'PARI027', 'Bwerond Rugando'),
	('VILL256', 'PARI027', 'Iraro'),
	('VILL257', 'PARI027', 'Kanyamisinga'),
	('VILL258', 'PARI027', 'Kanyashande'),
	('VILL259', 'PARI027', 'Kashebeya'),
	('VILL260', 'PARI027', 'Kimbugushu'),
	('VILL261', 'PARI027', 'Mukongoro'),
	('VILL262', 'PARI027', 'Mukono'),
	('VILL263', 'PARI027', 'Nkwenda'),
	('VILL264', 'PARI027', 'Nyakaina'),
	('VILL265', 'PARI027', 'Rubona'),
	('VILL266', 'PARI028', 'Nakyesa I'),
	('VILL267', 'PARI028', 'Nakyesa Ii A'),
	('VILL268', 'PARI028', 'Nakyesa Ii B'),
	('VILL269', 'PARI028', 'Nakyesa Iii'),
	('VILL270', 'PARI028', 'Nakyesa Iv A'),
	('VILL271', 'PARI028', 'Nakyesa Iv B'),
	('VILL272', 'PARI028', 'Namatogonya I'),
	('VILL273', 'PARI028', 'Namatogonya Ii'),
	('VILL274', 'PARI028', 'Namatogonya Iii'),
	('VILL275', 'PARI028', 'Namatogonya Iv'),
	('VILL276', 'PARI031', 'Bujwaya'),
	('VILL277', 'PARI031', 'Kawolokota East'),
	('VILL278', 'PARI031', 'Namavundu A'),
	('VILL279', 'PARI031', 'Namavundu B'),
	('VILL280', 'PARI031', 'Namizo A A'),
	('VILL281', 'PARI031', 'Namizo A B'),
	('VILL282', 'PARI031', 'Namizo B'),
	('VILL283', 'PARI031', 'Nawansama'),
	('VILL284', 'PARI032', 'Ahakirehe'),
	('VILL285', 'PARI032', 'Bikuto'),
	('VILL286', 'PARI032', 'Butogota Central'),
	('VILL287', 'PARI032', 'Butogota Rutwe'),
	('VILL288', 'PARI032', 'Butogota Upper'),
	('VILL289', 'PARI032', 'Kanyabuham'),
	('VILL290', 'PARI032', 'Kanyabuhama'),
	('VILL291', 'PARI032', 'Kanyabuhama'),
	('VILL292', 'PARI032', 'Kayonza Tea Estate'),
	('VILL293', 'PARI032', 'Kebiremu'),
	('VILL294', 'PARI032', 'Kyabuyorwa Lower'),
	('VILL295', 'PARI032', 'Kyabuyorwa Upper'),
	('VILL296', 'PARI032', 'Munyaga'),
	('VILL297', 'PARI032', 'Nyakagyezi'),
	('VILL298', 'PARI032', 'Nyakarere'),
	('VILL299', 'PARI032', 'Rushambya'),
	('VILL301', 'PARI034', 'Kamalieric Cell'),
	('VILL302', 'PARI034', 'Kibaya'),
	('VILL303', 'PARI034', 'Kigoma'),
	('VILL304', 'PARI034', 'Mugishajoram Cell'),
	('VILL305', 'PARI034', 'Mukitusi Cell'),
	('VILL306', 'PARI034', 'Rwenyerere'),
	('VILL307', 'PARI035', 'Bushere'),
	('VILL308', 'PARI035', 'Kabuga'),
	('VILL309', 'PARI035', 'Kayembe'),
	('VILL310', 'PARI035', 'Kiruruma'),
	('VILL311', 'PARI035', 'Matanda'),
	('VILL312', 'PARI035', 'Matanda Ii'),
	('VILL313', 'PARI036', 'Buhumuliro'),
	('VILL314', 'PARI036', 'Kamushwa'),
	('VILL315', 'PARI036', 'Mukibungo'),
	('VILL316', 'PARI036', 'Muruhura'),
	('VILL317', 'PARI036', 'Nyakinoni'),
	('VILL318', 'PARI036', 'Nyamabare'),
	('VILL319', 'PARI036', 'Nyamiyaga'),
	('VILL320', 'PARI036', 'Omukirwa'),
	('VILL321', 'PARI036', 'Rwamahamba'),
	('VILL322', 'PARI036', 'Rwangoboka'),
	('VILL323', 'PARI036', 'Samaria'),
	('VILL324', 'PARI037', 'Group Farm A'),
	('VILL325', 'PARI037', 'Group Farm B'),
	('VILL326', 'PARI037', 'Kameme'),
	('VILL327', 'PARI037', 'Kanyinaburinamo'),
	('VILL328', 'PARI037', 'Kiruruma A'),
	('VILL329', 'PARI037', 'Kiruruma B'),
	('VILL330', 'PARI037', 'Kyenyabutongo'),
	('VILL331', 'PARI037', 'Matanda'),
	('VILL332', 'PARI037', 'Omwirangizo'),
	('VILL333', 'PARI037', 'Rushoroza'),
	('VILL334', 'PARI037', 'Rwerere A'),
	('VILL335', 'PARI037', 'Rwerere B'),
	('VILL336', 'PARI037', 'Rwerere C'),
	('VILL337', 'PARI038', 'Busanza'),
	('VILL338', 'PARI038', 'Itembezo'),
	('VILL339', 'PARI038', 'Kamutungu'),
	('VILL340', 'PARI038', 'Kibimbiri'),
	('VILL341', 'PARI038', 'Kihiihi'),
	('VILL342', 'PARI038', 'Kinyamashe'),
	('VILL343', 'PARI038', 'Mushunga'),
	('VILL344', 'PARI038', 'Ndeeba B'),
	('VILL345', 'PARI038', 'Ndeeba B'),
	('VILL346', 'PARI038', 'Rutoma'),
	('VILL347', 'PARI039', 'Bweramaana'),
	('VILL348', 'PARI039', 'Kazinga'),
	('VILL349', 'PARI039', 'Nkunda'),
	('VILL350', 'PARI039', 'Nyarutembe A'),
	('VILL351', 'PARI039', 'Nyarutembe B'),
	('VILL352', 'PARI039', 'Nyeibinga'),
	('VILL353', 'PARI039', 'Rurama'),
	('VILL354', 'PARI039', 'Ruyinya'),
	('VILL355', 'PARI039', 'Yerusaremu'),
	('VILL356', 'PARI040', 'Bugongo'),
	('VILL357', 'PARI040', 'Kabukwenda'),
	('VILL358', 'PARI040', 'Kamutungu'),
	('VILL359', 'PARI040', 'Karama'),
	('VILL360', 'PARI040', 'Kikunda Mukama'),
	('VILL361', 'PARI040', 'Kinyamashe'),
	('VILL362', 'PARI040', 'Kinyashohera'),
	('VILL363', 'PARI040', 'Kiruruma'),
	('VILL364', 'PARI040', 'Kishanda'),
	('VILL365', 'PARI040', 'Mububare'),
	('VILL366', 'PARI040', 'Mukishunju'),
	('VILL367', 'PARI040', 'Murushenyi'),
	('VILL368', 'PARI040', 'Ndeeba'),
	('VILL369', 'PARI040', 'Nkumbagara'),
	('VILL370', 'PARI040', 'Nyamwegabira'),
	('VILL371', 'PARI040', 'Rwenyerere'),
	('VILL372', 'PARI041', 'Bukorwe'),
	('VILL373', 'PARI041', 'Burambi'),
	('VILL374', 'PARI041', 'Busanza'),
	('VILL375', 'PARI041', 'Ishasha'),
	('VILL376', 'PARI041', 'Ishasha'),
	('VILL377', 'PARI041', 'Karambi'),
	('VILL378', 'PARI041', 'Kazinga'),
	('VILL379', 'PARI041', 'Muntuha'),
	('VILL380', 'PARI041', 'Mushunga'),
	('VILL381', 'PARI041', 'Nyakabungo'),
	('VILL382', 'PARI041', 'Nyakasozi'),
	('VILL383', 'PARI041', 'Nyanga'),
	('VILL384', 'PARI041', 'Rutooma'),
	('VILL385', 'PARI043', 'Ibambiro'),
	('VILL386', 'PARI043', 'Kashojwa'),
	('VILL387', 'PARI043', 'Kazinga Lower'),
	('VILL388', 'PARI043', 'Kazinga Upper'),
	('VILL389', 'PARI043', 'Kibimbiri'),
	('VILL390', 'PARI043', 'Kyakatarangi'),
	('VILL391', 'PARI043', 'Kyumbugu'),
	('VILL392', 'PARI043', 'Nyarurambi'),
	('VILL393', 'PARI043', 'Rwerere'),
	('VILL394', 'PARI043', 'Tukundane'),
	('VILL395', 'PARI044', 'Binyungu'),
	('VILL396', 'PARI044', 'Ibambiro'),
	('VILL397', 'PARI044', 'Karambi'),
	('VILL398', 'PARI044', 'Kazinga I'),
	('VILL399', 'PARI044', 'Kazinga Ii'),
	('VILL400', 'PARI044', 'Muzizi'),
	('VILL401', 'PARI044', 'Nyakatunguru'),
	('VILL402', 'PARI044', 'Nyakiyaga'),
	('VILL403', 'PARI044', 'Rukarara'),
	('VILL404', 'PARI044', 'Rwemisisi'),
	('VILL405', 'PARI045', 'Buruhukire'),
	('VILL406', 'PARI045', 'Bushogyi A'),
	('VILL407', 'PARI045', 'Bushogyi B'),
	('VILL408', 'PARI045', 'Kanyambeho'),
	('VILL409', 'PARI045', 'Kasiro'),
	('VILL410', 'PARI045', 'Kiruruma'),
	('VILL411', 'PARI045', 'Nyakahita'),
	('VILL412', 'PARI045', 'Nyakarambi'),
	('VILL413', 'PARI045', 'Nyakashure'),
	('VILL414', 'PARI045', 'Nyakayaga'),
	('VILL415', 'PARI045', 'Samaria'),
	('VILL416', 'PARI045', 'Samariya'),
	('VILL417', 'PARI046', 'Ahabutare'),
	('VILL418', 'PARI046', 'Bugandaro'),
	('VILL419', 'PARI046', 'Bushura'),
	('VILL420', 'PARI046', 'Kajumo'),
	('VILL421', 'PARI046', 'Katwa'),
	('VILL422', 'PARI046', 'Kazuru'),
	('VILL423', 'PARI046', 'Kikondeka'),
	('VILL424', 'PARI046', 'Kirima'),
	('VILL425', 'PARI046', 'Mugongo'),
	('VILL426', 'PARI046', 'Mutojo'),
	('VILL427', 'PARI046', 'Nyakabungo'),
	('VILL428', 'PARI046', 'Rwengwe'),
	('VILL429', 'PARI048', 'Bujerengye'),
	('VILL430', 'PARI048', 'Bujerengye'),
	('VILL431', 'PARI048', 'Ibarya'),
	('VILL432', 'PARI048', 'Katembe'),
	('VILL433', 'PARI048', 'Katembe'),
	('VILL434', 'PARI048', 'Kihumuro'),
	('VILL435', 'PARI048', 'Murambo'),
	('VILL436', 'PARI048', 'Naruharo'),
	('VILL437', 'PARI048', 'Nyakagyezi'),
	('VILL438', 'PARI048', 'Nyakarambi'),
	('VILL439', 'PARI048', 'Nyakatoma'),
	('VILL440', 'PARI048', 'Nyakatooma'),
	('VILL441', 'PARI048', 'Nyakibuga'),
	('VILL442', 'PARI048', 'Nyakibuga'),
	('VILL443', 'PARI048', 'Nyamizi'),
	('VILL444', 'PARI048', 'Nyamizi'),
	('VILL445', 'PARI048', 'Nyaruharo'),
	('VILL446', 'PARI048', 'Omurwambu'),
	('VILL447', 'PARI048', 'Rurama'),
	('VILL448', 'PARI048', 'Rurama'),
	('VILL449', 'PARI048', 'Rutonde'),
	('VILL450', 'PARI048', 'Rutonde'),
	('VILL451', 'PARI048', 'Rwendahi'),
	('VILL452', 'PARI048', 'Rwenkyende'),
	('VILL453', 'PARI048', 'Rwenkyende'),
	('VILL454', 'PARI049', 'Bukono'),
	('VILL455', 'PARI049', 'Kajubwe'),
	('VILL456', 'PARI049', 'Kashaki'),
	('VILL457', 'PARI049', 'Kashaki'),
	('VILL458', 'PARI049', 'Kasooni'),
	('VILL459', 'PARI049', 'Kitunga'),
	('VILL460', 'PARI049', 'Nyakabungo'),
	('VILL461', 'PARI049', 'Nyarwemarira'),
	('VILL462', 'PARI049', 'Ruheza'),
	('VILL463', 'PARI050', 'Bugarama-nkamba'),
	('VILL464', 'PARI050', 'Buhamba'),
	('VILL465', 'PARI050', 'Kanyankyende'),
	('VILL466', 'PARI050', 'Katungu'),
	('VILL467', 'PARI050', 'Kitongo'),
	('VILL468', 'PARI050', 'Kyeijanga'),
	('VILL469', 'PARI050', 'Mabaare'),
	('VILL470', 'PARI050', 'Rutooma'),
	('VILL471', 'PARI050', 'Rutooro'),
	('VILL472', 'PARI051', 'Bweyongyezo'),
	('VILL473', 'PARI051', 'Hakikome'),
	('VILL474', 'PARI051', 'Karukara'),
	('VILL475', 'PARI051', 'Katunda'),
	('VILL476', 'PARI051', 'Kinyambeho'),
	('VILL477', 'PARI051', 'Rukungwe'),
	('VILL478', 'PARI053', 'Kanyashogi'),
	('VILL479', 'PARI053', 'Murukore'),
	('VILL480', 'PARI053', 'Murushasha'),
	('VILL481', 'PARI053', 'Nyamizo'),
	('VILL482', 'PARI054', 'Karambi'),
	('VILL483', 'PARI054', 'Kibingo'),
	('VILL484', 'PARI054', 'Kyabeya'),
	('VILL485', 'PARI055', 'Bushegenyi'),
	('VILL486', 'PARI055', 'Kigaga'),
	('VILL487', 'PARI055', 'Kyogo'),
	('VILL488', 'PARI055', 'Ngaara'),
	('VILL489', 'PARI056', 'Hakibungo'),
	('VILL490', 'PARI056', 'Karonde'),
	('VILL491', 'PARI056', 'Karooni'),
	('VILL492', 'PARI056', 'Mpangango'),
	('VILL493', 'PARI056', 'Mukirwa'),
	('VILL494', 'PARI056', 'Nyakinoni'),
	('VILL495', 'PARI056', 'Samaria'),
	('VILL496', 'PARI057', 'Kayenje'),
	('VILL497', 'PARI057', 'Kazindiro'),
	('VILL498', 'PARI057', 'Mashaku I'),
	('VILL499', 'PARI057', 'Mashaku Ii'),
	('VILL500', 'PARI057', 'Rwemishinya'),
	('VILL501', 'PARI058', 'Kagunga'),
	('VILL502', 'PARI058', 'Kaniabizo'),
	('VILL503', 'PARI058', 'Mishenyi'),
	('VILL504', 'PARI058', 'Mukishaha'),
	('VILL505', 'PARI059', 'Buyundo'),
	('VILL506', 'PARI059', 'Kahama'),
	('VILL507', 'PARI059', 'Karooni'),
	('VILL508', 'PARI059', 'Karukondo'),
	('VILL509', 'PARI059', 'Kibarama'),
	('VILL510', 'PARI059', 'Samaria'),
	('VILL511', 'PARI060', 'Kayenje'),
	('VILL512', 'PARI060', 'Kayenje'),
	('VILL513', 'PARI060', 'Kibaale'),
	('VILL514', 'PARI060', 'Mpangango'),
	('VILL515', 'PARI060', 'Mpangango Lower'),
	('VILL516', 'PARI060', 'Mpangango Upper'),
	('VILL517', 'PARI060', 'Ntungamo'),
	('VILL518', 'PARI060', 'Ntungamo'),
	('VILL519', 'PARI060', 'Nyakatooma'),
	('VILL520', 'PARI060', 'Nyamiyaga'),
	('VILL521', 'PARI060', 'Nyamiyaga I'),
	('VILL522', 'PARI060', 'Nyamiyaga Ii'),
	('VILL523', 'PARI061', 'Kiruruma'),
	('VILL524', 'PARI061', 'Mashooko'),
	('VILL525', 'PARI061', 'Nyabushoro'),
	('VILL526', 'PARI061', 'Nyakagyera'),
	('VILL527', 'PARI061', 'Nyaruhungye'),
	('VILL528', 'PARI062', 'Bweibare'),
	('VILL529', 'PARI062', 'Kabahesi'),
	('VILL530', 'PARI062', 'Kabatwa'),
	('VILL531', 'PARI062', 'Kabungo'),
	('VILL532', 'PARI062', 'Kahama'),
	('VILL533', 'PARI062', 'Katungu'),
	('VILL534', 'PARI062', 'Murara'),
	('VILL535', 'PARI062', 'Nyamakamba'),
	('VILL536', 'PARI062', 'Nyamutundami'),
	('VILL537', 'PARI062', 'Rutooma'),
	('VILL538', 'PARI062', 'Shunga'),
	('VILL539', 'PARI063', 'Bikomero'),
	('VILL540', 'PARI063', 'Bunyoro'),
	('VILL541', 'PARI063', 'Burora'),
	('VILL542', 'PARI063', 'Burora'),
	('VILL543', 'PARI063', 'Kabashaki'),
	('VILL544', 'PARI063', 'Kagashe'),
	('VILL545', 'PARI063', 'Kagashe'),
	('VILL546', 'PARI063', 'Katereza'),
	('VILL547', 'PARI063', 'Katereza'),
	('VILL548', 'PARI063', 'Maronko'),
	('VILL549', 'PARI063', 'Mirindi'),
	('VILL550', 'PARI063', 'Mirindi Cell'),
	('VILL551', 'PARI063', 'Nyabihazi'),
	('VILL552', 'PARI063', 'Rwakibanga'),
	('VILL553', 'PARI063', 'Rwakishana'),
	('VILL554', 'PARI064', 'Katebere'),
	('VILL555', 'PARI064', 'Kigarama'),
	('VILL556', 'PARI064', 'Kigarama'),
	('VILL557', 'PARI064', 'Kitumbwe'),
	('VILL558', 'PARI064', 'Makanga'),
	('VILL559', 'PARI064', 'Mattwa'),
	('VILL560', 'PARI064', 'Nyamitumba'),
	('VILL561', 'PARI064', 'Renga'),
	('VILL562', 'PARI064', 'Rwamazo'),
	('VILL563', 'PARI064', 'Rweibare'),
	('VILL564', 'PARI064', 'Rweibare Bukunga'),
	('VILL565', 'PARI064', 'Rwencuncu'),
	('VILL566', 'PARI065', 'Buhingiro'),
	('VILL567', 'PARI065', 'Bushekwe'),
	('VILL568', 'PARI065', 'Karubanda'),
	('VILL569', 'PARI065', 'Katungu'),
	('VILL570', 'PARI065', 'Kesasi'),
	('VILL571', 'PARI065', 'Mirindi'),
	('VILL572', 'PARI065', 'Nkoni'),
	('VILL573', 'PARI065', 'Rugarambiro'),
	('VILL574', 'PARI065', 'Rwabikondo'),
	('VILL575', 'PARI066', 'Butagasi'),
	('VILL576', 'PARI066', 'Kabahesi'),
	('VILL577', 'PARI066', 'Kabugiri'),
	('VILL578', 'PARI066', 'Kanyamagabo'),
	('VILL579', 'PARI066', 'Kanyebweza'),
	('VILL580', 'PARI066', 'Nyakazinga'),
	('VILL581', 'PARI066', 'Omukibare'),
	('VILL582', 'PARI066', 'Rweibare'),
	('VILL583', 'PARI066', 'Rwencuncu'),
	('VILL584', 'PARI066', 'Rwengongo'),
	('VILL585', 'PARI067', 'Buhooro'),
	('VILL586', 'PARI067', 'Kacuraganyi'),
	('VILL587', 'PARI067', 'Katerampungu'),
	('VILL588', 'PARI067', 'Kicwamba'),
	('VILL589', 'PARI067', 'Kinyamumbya'),
	('VILL590', 'PARI067', 'Kiragiro'),
	('VILL591', 'PARI067', 'Kishororo'),
	('VILL592', 'PARI067', 'Kizara'),
	('VILL593', 'PARI067', 'Kyampungu'),
	('VILL594', 'PARI067', 'Mukinga'),
	('VILL595', 'PARI067', 'Mukinga'),
	('VILL596', 'PARI067', 'Nyakabungo'),
	('VILL597', 'PARI067', 'Nyarubingo'),
	('VILL598', 'PARI067', 'Nyarurambi'),
	('VILL599', 'PARI068', 'Biizi'),
	('VILL600', 'PARI068', 'Garama'),
	('VILL601', 'PARI068', 'Karengyere'),
	('VILL602', 'PARI068', 'Katagiramaizi'),
	('VILL603', 'PARI068', 'Kesenene'),
	('VILL604', 'PARI068', 'Kigarama'),
	('VILL605', 'PARI068', 'Kyanjobe'),
	('VILL606', 'PARI068', 'Nyabizuru'),
	('VILL607', 'PARI068', 'Nyamirengyere'),
	('VILL608', 'PARI068', 'Rugando'),
	('VILL609', 'PARI069', 'Bugoro'),
	('VILL610', 'PARI069', 'Burebane'),
	('VILL611', 'PARI069', 'Isererero'),
	('VILL612', 'PARI069', 'Ishaya'),
	('VILL613', 'PARI069', 'Kacwamba'),
	('VILL614', 'PARI069', 'Kamakoma'),
	('VILL615', 'PARI069', 'Kanyabwogo'),
	('VILL616', 'PARI069', 'Kanyamatembe'),
	('VILL617', 'PARI069', 'Kikangaga'),
	('VILL618', 'PARI069', 'Kizenga'),
	('VILL619', 'PARI069', 'Kiziba'),
	('VILL620', 'PARI069', 'Mugandu'),
	('VILL621', 'PARI069', 'Mukirwa'),
	('VILL622', 'PARI069', 'Nyabirehe'),
	('VILL623', 'PARI069', 'Rugyeyo'),
	('VILL624', 'PARI069', 'Runyami'),
	('VILL625', 'PARI070', 'Bukundaine'),
	('VILL626', 'PARI070', 'Kamugyeneka'),
	('VILL627', 'PARI070', 'Kangarame'),
	('VILL628', 'PARI070', 'Kinyafurwe'),
	('VILL629', 'PARI070', 'Kitobi'),
	('VILL630', 'PARI070', 'Kyamukombe'),
	('VILL631', 'PARI070', 'Mafuga Forest Reserve'),
	('VILL632', 'PARI070', 'Ngirisi'),
	('VILL633', 'PARI070', 'Nyakarambi'),
	('VILL634', 'PARI070', 'Nyamugari'),
	('VILL635', 'PARI072', 'Kanyamaato'),
	('VILL636', 'PARI072', 'Kasiizi'),
	('VILL637', 'PARI072', 'Kijumwa'),
	('VILL638', 'PARI072', 'Kyankyere'),
	('VILL639', 'PARI072', 'Mashenya'),
	('VILL640', 'PARI072', 'Nyamabaare'),
	('VILL641', 'PARI072', 'Nyamirengyere'),
	('VILL642', 'PARI072', 'Nyamirengyere'),
	('VILL643', 'PARI072', 'Nyarushanje'),
	('VILL644', 'PARI072', 'Nyundu'),
	('VILL645', 'PARI072', 'Ruhago'),
	('VILL646', 'PARI072', 'Ruhija'),
	('VILL647', 'PARI072', 'Rwakatunguru'),
	('VILL648', 'PARI072', 'Rwemengo');
/*!40000 ALTER TABLE `village` ENABLE KEYS */;
/*!40101 SET SQL_MODE=IFNULL(@OLD_SQL_MODE, '') */;
/*!40014 SET FOREIGN_KEY_CHECKS=IF(@OLD_FOREIGN_KEY_CHECKS IS NULL, 1, @OLD_FOREIGN_KEY_CHECKS) */;
/*!40101 SET CHARACTER_SET_CLIENT=@OLD_CHARACTER_SET_CLIENT */;
